Name,X,Y,Target,Layer,Sublayer,row,column,GlobalNode,ActiveNode,Weight,Group,Layer2,Minimum,Maximum,Component,Type,Layer_Elevation,Time
EF-3A,2274132.874014,10431783.236983,399.270000,12,1,220,45,1,1,1.000000,1,0,0.000000,0.000000,1,Concentration,6395.430500,295.000000
EF-3A,2274132.874014,10431783.236983,502.060000,12,1,220,45,1,1,1.000000,1,0,0.000000,0.000000,1,Concentration,6395.430500,641.000000
EF-3A,2274132.874014,10431783.236983,548.500000,12,1,220,45,1,1,1.000000,1,0,0.000000,0.000000,1,Concentration,6395.430500,753.000000
EF-3A,2274132.874014,10431783.236983,552.180000,12,1,220,45,1,1,1.000000,1,0,0.000000,0.000000,1,Concentration,6395.430500,1292.000000
EF-3A,2274132.874014,10431783.236983,710.750000,12,1,220,45,1,1,1.000000,1,0,0.000000,0.000000,1,Concentration,6395.430500,1753.000000
EF-3A,2274132.874014,10431783.236983,699.430000,12,1,220,45,1,1,1.000000,1,0,0.000000,0.000000,1,Concentration,6395.430500,1964.000000
EF-3A,2274132.874014,10431783.236983,722.080000,12,1,220,45,1,1,1.000000,1,0,0.000000,0.000000,1,Concentration,6395.430500,2523.000000
EF-3A,2274132.874014,10431783.236983,586.160000,12,1,220,45,1,1,1.000000,1,0,0.000000,0.000000,1,Concentration,6395.430500,2643.000000
EF-3A,2274132.874014,10431783.236983,512.530000,12,1,220,45,1,1,1.000000,1,0,0.000000,0.000000,1,Concentration,6395.430500,3062.000000
EF-3A,2274132.874014,10431783.236983,679.600000,12,1,220,45,1,1,1.000000,1,0,0.000000,0.000000,1,Concentration,6395.430500,3596.000000
EF-3A,2274132.874014,10431783.236983,778.710000,12,1,220,45,1,1,1.000000,1,0,0.000000,0.000000,1,Concentration,6395.430500,3961.000000
EF-3A,2274132.874014,10431783.236983,744.730000,12,1,220,45,1,1,1.000000,1,0,0.000000,0.000000,1,Concentration,6395.430500,4167.000000
EF-3A,2274132.874014,10431783.236983,611.640000,12,1,220,45,1,1,1.000000,1,0,0.000000,0.000000,1,Concentration,6395.430500,4525.000000
EF-3A,2274132.874014,10431783.236983,597.480000,12,1,220,45,1,1,1.000000,1,0,0.000000,0.000000,1,Concentration,6395.430500,4882.000000
EF-3A,2274132.874014,10431783.236983,622.970000,12,1,220,45,1,1,1.000000,1,0,0.000000,0.000000,1,Concentration,6395.430500,5349.000000
EF-3A,2274132.874014,10431783.236983,608.810000,12,1,220,45,1,1,1.000000,1,0,0.000000,0.000000,1,Concentration,6395.430500,5807.000000
EF-3A,2274132.874014,10431783.236983,583.330000,12,1,220,45,1,1,1.000000,1,0,0.000000,0.000000,1,Concentration,6395.430500,5982.000000
EF-3A,2274132.874014,10431783.236983,608.810000,12,1,220,45,1,1,1.000000,1,0,0.000000,0.000000,1,Concentration,6395.430500,6211.000000
EF-6,2273242.691232,10433120.857663,27.180000,10,1,204,48,1,1,1.000000,1,0,0.000000,0.000000,1,Concentration,6451.975500,122.000000
EF-6,2273242.691232,10433120.857663,21.690000,10,1,204,48,1,1,1.000000,1,0,0.000000,0.000000,1,Concentration,6451.975500,395.000000
EF-6,2273242.691232,10433120.857663,28.010000,10,1,204,48,1,1,1.000000,1,0,0.000000,0.000000,1,Concentration,6451.975500,851.000000
EF-6,2273242.691232,10433120.857663,20.270000,10,1,204,48,1,1,1.000000,1,0,0.000000,0.000000,1,Concentration,6451.975500,1215.000000
EF-6,2273242.691232,10433120.857663,20.390000,10,1,204,48,1,1,1.000000,1,0,0.000000,0.000000,1,Concentration,6451.975500,1471.000000
EF-6,2273242.691232,10433120.857663,21.010000,10,1,204,48,1,1,1.000000,1,0,0.000000,0.000000,1,Concentration,6451.975500,1830.000000
EF-6,2273242.691232,10433120.857663,20.950000,10,1,204,48,1,1,1.000000,1,0,0.000000,0.000000,1,Concentration,6451.975500,2523.000000
EF-6,2273242.691232,10433120.857663,41.060000,10,1,204,48,1,1,1.000000,1,0,0.000000,0.000000,1,Concentration,6451.975500,2916.000000
EF-6,2273242.691232,10433120.857663,40.490000,10,1,204,48,1,1,1.000000,1,0,0.000000,0.000000,1,Concentration,6451.975500,3063.000000
EF-6,2273242.691232,10433120.857663,56.630000,10,1,204,48,1,1,1.000000,1,0,0.000000,0.000000,1,Concentration,6451.975500,3593.000000
EF-6,2273242.691232,10433120.857663,65.130000,10,1,204,48,1,1,1.000000,1,0,0.000000,0.000000,1,Concentration,6451.975500,3961.000000
EF-6,2273242.691232,10433120.857663,39.640000,10,1,204,48,1,1,1.000000,1,0,0.000000,0.000000,1,Concentration,6451.975500,4133.000000
EF-6,2273242.691232,10433120.857663,70.790000,10,1,204,48,1,1,1.000000,1,0,0.000000,0.000000,1,Concentration,6451.975500,4527.000000
EF-6,2273242.691232,10433120.857663,52.390000,10,1,204,48,1,1,1.000000,1,0,0.000000,0.000000,1,Concentration,6451.975500,4882.000000
EF-6,2273242.691232,10433120.857663,55.220000,10,1,204,48,1,1,1.000000,1,0,0.000000,0.000000,1,Concentration,6451.975500,5259.000000
EF-6,2273242.691232,10433120.857663,67.960000,10,1,204,48,1,1,1.000000,1,0,0.000000,0.000000,1,Concentration,6451.975500,5812.000000
EF-6,2273242.691232,10433120.857663,71.640000,10,1,204,48,1,1,1.000000,1,0,0.000000,0.000000,1,Concentration,6451.975500,5982.000000
EF-6,2273242.691232,10433120.857663,69.940000,10,1,204,48,1,1,1.000000,1,0,0.000000,0.000000,1,Concentration,6451.975500,6353.000000
EF-8,2273450.848064,10432071.060857,0.710000,12,1,213,42,1,1,1.000000,1,0,0.000000,0.000000,1,Concentration,6346.471500,395.000000
EF-8,2273450.848064,10432071.060857,0.850000,12,1,213,42,1,1,1.000000,1,0,0.000000,0.000000,1,Concentration,6346.471500,1026.000000
EF-8,2273450.848064,10432071.060857,0.860000,12,1,213,42,1,1,1.000000,1,0,0.000000,0.000000,1,Concentration,6346.471500,1388.000000
EF-8,2273450.848064,10432071.060857,1.610000,12,1,213,42,1,1,1.000000,1,0,0.000000,0.000000,1,Concentration,6346.471500,1471.000000
EF-8,2273450.848064,10432071.060857,2.970000,12,1,213,42,1,1,1.000000,1,0,0.000000,0.000000,1,Concentration,6346.471500,2124.000000
EF-8,2273450.848064,10432071.060857,5.180000,12,1,213,42,1,1,1.000000,1,0,0.000000,0.000000,1,Concentration,6346.471500,2523.000000
EF-8,2273450.848064,10432071.060857,9.400000,12,1,213,42,1,1,1.000000,1,0,0.000000,0.000000,1,Concentration,6346.471500,2916.000000
EF-8,2273450.848064,10432071.060857,13.110000,12,1,213,42,1,1,1.000000,1,0,0.000000,0.000000,1,Concentration,6346.471500,3264.000000
EF-8,2273450.848064,10432071.060857,18.860000,12,1,213,42,1,1,1.000000,1,0,0.000000,0.000000,1,Concentration,6346.471500,3591.000000
EF-8,2273450.848064,10432071.060857,24.780000,12,1,213,42,1,1,1.000000,1,0,0.000000,0.000000,1,Concentration,6346.471500,4001.000000
EF-8,2273450.848064,10432071.060857,30.580000,12,1,213,42,1,1,1.000000,1,0,0.000000,0.000000,1,Concentration,6346.471500,4336.000000
EF-8,2273450.848064,10432071.060857,38.230000,12,1,213,42,1,1,1.000000,1,0,0.000000,0.000000,1,Concentration,6346.471500,4714.000000
EF-8,2273450.848064,10432071.060857,42.190000,12,1,213,42,1,1,1.000000,1,0,0.000000,0.000000,1,Concentration,6346.471500,5077.000000
EF-8,2273450.848064,10432071.060857,55.780000,12,1,213,42,1,1,1.000000,1,0,0.000000,0.000000,1,Concentration,6346.471500,5168.000000
EF-8,2273450.848064,10432071.060857,62.300000,12,1,213,42,1,1,1.000000,1,0,0.000000,0.000000,1,Concentration,6346.471500,5806.000000
EF-8,2273450.848064,10432071.060857,70.790000,12,1,213,42,1,1,1.000000,1,0,0.000000,0.000000,1,Concentration,6346.471500,6092.000000
EF-8,2273450.848064,10432071.060857,76.170000,12,1,213,42,1,1,1.000000,1,0,0.000000,0.000000,1,Concentration,6346.471500,6274.000000
H-63,2277890.919369,10430706.025055,0.710000,12,1,254,64,1,1,1.000000,1,0,0.000000,0.000000,1,Concentration,6533.626000,297.000000
H-63,2277890.919369,10430706.025055,0.480000,12,1,254,64,1,1,1.000000,1,0,0.000000,0.000000,1,Concentration,6533.626000,395.000000
H-63,2277890.919369,10430706.025055,0.420000,12,1,254,64,1,1,1.000000,1,0,0.000000,0.000000,1,Concentration,6533.626000,1026.000000
H-63,2277890.919369,10430706.025055,0.380000,12,1,254,64,1,1,1.000000,1,0,0.000000,0.000000,1,Concentration,6533.626000,1388.000000
H-63,2277890.919369,10430706.025055,0.970000,12,1,254,64,1,1,1.000000,1,0,0.000000,0.000000,1,Concentration,6533.626000,1542.000000
H-63,2277890.919369,10430706.025055,0.390000,12,1,254,64,1,1,1.000000,1,0,0.000000,0.000000,1,Concentration,6533.626000,1830.000000
H-63,2277890.919369,10430706.025055,0.310000,12,1,254,64,1,1,1.000000,1,0,0.000000,0.000000,1,Concentration,6533.626000,2200.000000
H-63,2277890.919369,10430706.025055,0.290000,12,1,254,64,1,1,1.000000,1,0,0.000000,0.000000,1,Concentration,6533.626000,2915.000000
H-63,2277890.919369,10430706.025055,0.320000,12,1,254,64,1,1,1.000000,1,0,0.000000,0.000000,1,Concentration,6533.626000,3062.000000
H-63,2277890.919369,10430706.025055,3.880000,12,1,254,64,1,1,1.000000,1,0,0.000000,0.000000,1,Concentration,6533.626000,3594.000000
H-63,2277890.919369,10430706.025055,0.320000,12,1,254,64,1,1,1.000000,1,0,0.000000,0.000000,1,Concentration,6533.626000,3786.000000
H-63,2277890.919369,10430706.025055,0.330000,12,1,254,64,1,1,1.000000,1,0,0.000000,0.000000,1,Concentration,6533.626000,4167.000000
H-63,2277890.919369,10430706.025055,0.740000,12,1,254,64,1,1,1.000000,1,0,0.000000,0.000000,1,Concentration,6533.626000,4527.000000
H-63,2277890.919369,10430706.025055,0.270000,12,1,254,64,1,1,1.000000,1,0,0.000000,0.000000,1,Concentration,6533.626000,4883.000000
H-63,2277890.919369,10430706.025055,0.270000,12,1,254,64,1,1,1.000000,1,0,0.000000,0.000000,1,Concentration,6533.626000,5260.000000
H-63,2277890.919369,10430706.025055,0.240000,12,1,254,64,1,1,1.000000,1,0,0.000000,0.000000,1,Concentration,6533.626000,5807.000000
H-63,2277890.919369,10430706.025055,0.290000,12,1,254,64,1,1,1.000000,1,0,0.000000,0.000000,1,Concentration,6533.626000,5983.000000
H-63,2277890.919369,10430706.025055,0.240000,12,1,254,64,1,1,1.000000,1,0,0.000000,0.000000,1,Concentration,6533.626000,6212.000000
LW-1,2276909.102418,10436840.126037,0.250000,12,1,204,100,1,1,1.000000,1,0,0.000000,0.000000,1,Concentration,6505.179500,1072.000000
LW-1,2276909.102418,10436840.126037,0.740000,12,1,204,100,1,1,1.000000,1,0,0.000000,0.000000,1,Concentration,6505.179500,1291.000000
LW-1,2276909.102418,10436840.126037,0.460000,12,1,204,100,1,1,1.000000,1,0,0.000000,0.000000,1,Concentration,6505.179500,1542.000000
LW-1,2276909.102418,10436840.126037,0.100000,12,1,204,100,1,1,1.000000,1,0,0.000000,0.000000,1,Concentration,6505.179500,1829.000000
LW-1,2276909.102418,10436840.126037,0.070000,12,1,204,100,1,1,1.000000,1,0,0.000000,0.000000,1,Concentration,6505.179500,2263.000000
LW-1,2276909.102418,10436840.126037,0.060000,12,1,204,100,1,1,1.000000,1,0,0.000000,0.000000,1,Concentration,6505.179500,2914.000000
LW-1,2276909.102418,10436840.126037,0.080000,12,1,204,100,1,1,1.000000,1,0,0.000000,0.000000,1,Concentration,6505.179500,3061.000000
LW-1,2276909.102418,10436840.126037,0.130000,12,1,204,100,1,1,1.000000,1,0,0.000000,0.000000,1,Concentration,6505.179500,3442.000000
LW-1,2276909.102418,10436840.126037,0.060000,12,1,204,100,1,1,1.000000,1,0,0.000000,0.000000,1,Concentration,6505.179500,3959.000000
LW-1,2276909.102418,10436840.126037,0.080000,12,1,204,100,1,1,1.000000,1,0,0.000000,0.000000,1,Concentration,6505.179500,4167.000000
LW-1,2276909.102418,10436840.126037,0.050000,12,1,204,100,1,1,1.000000,1,0,0.000000,0.000000,1,Concentration,6505.179500,4528.000000
LW-1,2276909.102418,10436840.126037,0.090000,12,1,204,100,1,1,1.000000,1,0,0.000000,0.000000,1,Concentration,6505.179500,4883.000000
LW-1,2276909.102418,10436840.126037,0.080000,12,1,204,100,1,1,1.000000,1,0,0.000000,0.000000,1,Concentration,6505.179500,5260.000000
LW-1,2276909.102418,10436840.126037,0.150000,12,1,204,100,1,1,1.000000,1,0,0.000000,0.000000,1,Concentration,6505.179500,5609.000000
LW-1,2276909.102418,10436840.126037,0.070000,12,1,204,100,1,1,1.000000,1,0,0.000000,0.000000,1,Concentration,6505.179500,5981.000000
LW-1,2276909.102418,10436840.126037,0.090000,12,1,204,100,1,1,1.000000,1,0,0.000000,0.000000,1,Concentration,6505.179500,6357.000000
ML-1,2271695.632265,10434005.693442,0.570000,12,1,187,44,1,1,1.000000,1,0,0.000000,0.000000,1,Concentration,6382.524500,169.000000
ML-1,2271695.632265,10434005.693442,0.540000,12,1,187,44,1,1,1.000000,1,0,0.000000,0.000000,1,Concentration,6382.524500,395.000000
ML-1,2271695.632265,10434005.693442,0.460000,12,1,187,44,1,1,1.000000,1,0,0.000000,0.000000,1,Concentration,6382.524500,752.000000
ML-1,2271695.632265,10434005.693442,0.780000,12,1,187,44,1,1,1.000000,1,0,0.000000,0.000000,1,Concentration,6382.524500,1388.000000
ML-1,2271695.632265,10434005.693442,1.080000,12,1,187,44,1,1,1.000000,1,0,0.000000,0.000000,1,Concentration,6382.524500,1541.000000
ML-1,2271695.632265,10434005.693442,0.460000,12,1,187,44,1,1,1.000000,1,0,0.000000,0.000000,1,Concentration,6382.524500,1832.000000
ML-1,2271695.632265,10434005.693442,0.410000,12,1,187,44,1,1,1.000000,1,0,0.000000,0.000000,1,Concentration,6382.524500,2264.000000
ML-1,2271695.632265,10434005.693442,0.600000,12,1,187,44,1,1,1.000000,1,0,0.000000,0.000000,1,Concentration,6382.524500,2915.000000
ML-1,2271695.632265,10434005.693442,0.640000,12,1,187,44,1,1,1.000000,1,0,0.000000,0.000000,1,Concentration,6382.524500,3063.000000
ML-1,2271695.632265,10434005.693442,0.550000,12,1,187,44,1,1,1.000000,1,0,0.000000,0.000000,1,Concentration,6382.524500,3593.000000
ML-1,2271695.632265,10434005.693442,0.460000,12,1,187,44,1,1,1.000000,1,0,0.000000,0.000000,1,Concentration,6382.524500,3785.000000
ML-1,2271695.632265,10434005.693442,0.500000,12,1,187,44,1,1,1.000000,1,0,0.000000,0.000000,1,Concentration,6382.524500,4167.000000
ML-1,2271695.632265,10434005.693442,0.620000,12,1,187,44,1,1,1.000000,1,0,0.000000,0.000000,1,Concentration,6382.524500,4527.000000
ML-1,2271695.632265,10434005.693442,0.360000,12,1,187,44,1,1,1.000000,1,0,0.000000,0.000000,1,Concentration,6382.524500,4882.000000
ML-1,2271695.632265,10434005.693442,0.340000,12,1,187,44,1,1,1.000000,1,0,0.000000,0.000000,1,Concentration,6382.524500,5259.000000
ML-1,2271695.632265,10434005.693442,0.310000,12,1,187,44,1,1,1.000000,1,0,0.000000,0.000000,1,Concentration,6382.524500,5610.000000
ML-1,2271695.632265,10434005.693442,0.320000,12,1,187,44,1,1,1.000000,1,0,0.000000,0.000000,1,Concentration,6382.524500,5982.000000
ML-1,2271695.632265,10434005.693442,0.270000,12,1,187,44,1,1,1.000000,1,0,0.000000,0.000000,1,Concentration,6382.524500,6352.000000
MW-100,2276873.251681,10436826.560577,0.160000,9,1,204,100,1,1,1.000000,1,0,0.000000,0.000000,1,Concentration,6564.796500,3447.000000
MW-100,2276873.251681,10436826.560577,0.120000,9,1,204,100,1,1,1.000000,1,0,0.000000,0.000000,1,Concentration,6564.796500,3784.000000
MW-100,2276873.251681,10436826.560577,0.120000,9,1,204,100,1,1,1.000000,1,0,0.000000,0.000000,1,Concentration,6564.796500,4528.000000
MW-100,2276873.251681,10436826.560577,0.200000,9,1,204,100,1,1,1.000000,1,0,0.000000,0.000000,1,Concentration,6564.796500,4883.000000
MW-100,2276873.251681,10436826.560577,0.080000,9,1,204,100,1,1,1.000000,1,0,0.000000,0.000000,1,Concentration,6564.796500,5260.000000
MW-100,2276873.251681,10436826.560577,0.090000,9,1,204,100,1,1,1.000000,1,0,0.000000,0.000000,1,Concentration,6564.796500,5806.000000
MW-100,2276873.251681,10436826.560577,0.100000,9,1,204,100,1,1,1.000000,1,0,0.000000,0.000000,1,Concentration,6564.796500,5981.000000
MW-100,2276873.251681,10436826.560577,0.100000,9,1,204,100,1,1,1.000000,1,0,0.000000,0.000000,1,Concentration,6564.796500,6212.000000
MW-101,2274569.475712,10435901.019567,2160.570000,12,1,194,77,1,1,1.000000,1,0,0.000000,0.000000,1,Concentration,6556.750000,3446.000000
MW-101,2274569.475712,10435901.019567,2118.100000,12,1,194,77,1,1,1.000000,1,0,0.000000,0.000000,1,Concentration,6556.750000,3787.000000
MW-101,2274569.475712,10435901.019567,1699.010000,12,1,194,77,1,1,1.000000,1,0,0.000000,0.000000,1,Concentration,6556.750000,4528.000000
MW-101,2274569.475712,10435901.019567,1642.380000,12,1,194,77,1,1,1.000000,1,0,0.000000,0.000000,1,Concentration,6556.750000,4883.000000
MW-101,2274569.475712,10435901.019567,1670.690000,12,1,194,77,1,1,1.000000,1,0,0.000000,0.000000,1,Concentration,6556.750000,5352.000000
MW-101,2274569.475712,10435901.019567,1563.090000,12,1,194,77,1,1,1.000000,1,0,0.000000,0.000000,1,Concentration,6556.750000,5611.000000
MW-101,2274569.475712,10435901.019567,1370.530000,12,1,194,77,1,1,1.000000,1,0,0.000000,0.000000,1,Concentration,6556.750000,5986.000000
MW-101,2274569.475712,10435901.019567,1404.510000,12,1,194,77,1,1,1.000000,1,0,0.000000,0.000000,1,Concentration,6556.750000,6210.000000
MW-102,2276098.600037,10434632.795167,4190.890000,12,1,214,79,1,1,1.000000,1,0,0.000000,0.000000,1,Concentration,6572.776500,3446.000000
MW-102,2276098.600037,10434632.795167,3851.090000,12,1,214,79,1,1,1.000000,1,0,0.000000,0.000000,1,Concentration,6572.776500,3960.000000
MW-102,2276098.600037,10434632.795167,3596.240000,12,1,214,79,1,1,1.000000,1,0,0.000000,0.000000,1,Concentration,6572.776500,4526.000000
MW-102,2276098.600037,10434632.795167,3086.530000,12,1,214,79,1,1,1.000000,1,0,0.000000,0.000000,1,Concentration,6572.776500,4883.000000
MW-102,2276098.600037,10434632.795167,3426.330000,12,1,214,79,1,1,1.000000,1,0,0.000000,0.000000,1,Concentration,6572.776500,5260.000000
MW-102,2276098.600037,10434632.795167,2792.040000,12,1,214,79,1,1,1.000000,1,0,0.000000,0.000000,1,Concentration,6572.776500,5610.000000
MW-102,2276098.600037,10434632.795167,2344.630000,12,1,214,79,1,1,1.000000,1,0,0.000000,0.000000,1,Concentration,6572.776500,6209.000000
MW-102,2276098.600037,10434632.795167,1953.860000,12,1,214,79,1,1,1.000000,1,0,0.000000,0.000000,1,Concentration,6572.776500,6351.000000
MW-104,2277722.344848,10431873.339924,5.950000,10,1,245,71,1,1,1.000000,1,0,0.000000,0.000000,1,Concentration,6623.864000,3447.000000
MW-104,2277722.344848,10431873.339924,4.810000,10,1,245,71,1,1,1.000000,1,0,0.000000,0.000000,1,Concentration,6623.864000,3822.000000
MW-104,2277722.344848,10431873.339924,6.310000,10,1,245,71,1,1,1.000000,1,0,0.000000,0.000000,1,Concentration,6623.864000,4529.000000
MW-104,2277722.344848,10431873.339924,4.500000,10,1,245,71,1,1,1.000000,1,0,0.000000,0.000000,1,Concentration,6623.864000,4881.000000
MW-104,2277722.344848,10431873.339924,4.870000,10,1,245,71,1,1,1.000000,1,0,0.000000,0.000000,1,Concentration,6623.864000,5259.000000
MW-104,2277722.344848,10431873.339924,3.600000,10,1,245,71,1,1,1.000000,1,0,0.000000,0.000000,1,Concentration,6623.864000,5610.000000
MW-104,2277722.344848,10431873.339924,7.790000,10,1,245,71,1,1,1.000000,1,0,0.000000,0.000000,1,Concentration,6623.864000,5983.000000
MW-104,2277722.344848,10431873.339924,4.220000,10,1,245,71,1,1,1.000000,1,0,0.000000,0.000000,1,Concentration,6623.864000,6358.000000
MW-105,2276340.268814,10430608.651752,0.650000,9,1,244,52,1,1,1.000000,1,0,0.000000,0.000000,1,Concentration,6525.355000,3447.000000
MW-105,2276340.268814,10430608.651752,0.620000,9,1,244,52,1,1,1.000000,1,0,0.000000,0.000000,1,Concentration,6525.355000,3786.000000
MW-105,2276340.268814,10430608.651752,0.380000,9,1,244,52,1,1,1.000000,1,0,0.000000,0.000000,1,Concentration,6525.355000,4527.000000
MW-105,2276340.268814,10430608.651752,0.490000,9,1,244,52,1,1,1.000000,1,0,0.000000,0.000000,1,Concentration,6525.355000,4883.000000
MW-105,2276340.268814,10430608.651752,0.430000,9,1,244,52,1,1,1.000000,1,0,0.000000,0.000000,1,Concentration,6525.355000,5259.000000
MW-105,2276340.268814,10430608.651752,0.520000,9,1,244,52,1,1,1.000000,1,0,0.000000,0.000000,1,Concentration,6525.355000,5806.000000
MW-105,2276340.268814,10430608.651752,0.550000,9,1,244,52,1,1,1.000000,1,0,0.000000,0.000000,1,Concentration,6525.355000,5983.000000
MW-105,2276340.268814,10430608.651752,0.510000,9,1,244,52,1,1,1.000000,1,0,0.000000,0.000000,1,Concentration,6525.355000,6356.000000
MW-108,2270074.104457,10436365.050174,0.300000,10,1,159,49,1,1,1.000000,1,0,0.000000,0.000000,1,Concentration,6382.386500,3786.000000
MW-108,2270074.104457,10436365.050174,0.240000,10,1,159,49,1,1,1.000000,1,0,0.000000,0.000000,1,Concentration,6382.386500,4524.000000
MW-108,2270074.104457,10436365.050174,0.240000,10,1,159,49,1,1,1.000000,1,0,0.000000,0.000000,1,Concentration,6382.386500,4881.000000
MW-108,2270074.104457,10436365.050174,0.250000,10,1,159,49,1,1,1.000000,1,0,0.000000,0.000000,1,Concentration,6382.386500,5350.000000
MW-108,2270074.104457,10436365.050174,0.270000,10,1,159,49,1,1,1.000000,1,0,0.000000,0.000000,1,Concentration,6382.386500,5609.000000
MW-108,2270074.104457,10436365.050174,0.300000,10,1,159,49,1,1,1.000000,1,0,0.000000,0.000000,1,Concentration,6382.386500,5981.000000
MW-108,2270074.104457,10436365.050174,0.250000,10,1,159,49,1,1,1.000000,1,0,0.000000,0.000000,1,Concentration,6382.386500,6352.000000
MW-109,2272736.056364,10436055.869256,80.700000,12,1,180,65,1,1,1.000000,1,0,0.000000,0.000000,1,Concentration,6530.257000,3959.000000
MW-109,2272736.056364,10436055.869256,101.940000,12,1,180,65,1,1,1.000000,1,0,0.000000,0.000000,1,Concentration,6530.257000,4134.000000
MW-109,2272736.056364,10436055.869256,133.090000,12,1,180,65,1,1,1.000000,1,0,0.000000,0.000000,1,Concentration,6530.257000,4526.000000
MW-109,2272736.056364,10436055.869256,130.260000,12,1,180,65,1,1,1.000000,1,0,0.000000,0.000000,1,Concentration,6530.257000,4883.000000
MW-109,2272736.056364,10436055.869256,72.490000,12,1,180,65,1,1,1.000000,1,0,0.000000,0.000000,1,Concentration,6530.257000,5259.000000
MW-109,2272736.056364,10436055.869256,200.480000,12,1,180,65,1,1,1.000000,1,0,0.000000,0.000000,1,Concentration,6530.257000,5805.000000
MW-109,2272736.056364,10436055.869256,220.020000,12,1,180,65,1,1,1.000000,1,0,0.000000,0.000000,1,Concentration,6530.257000,5986.000000
MW-109,2272736.056364,10436055.869256,50.400000,12,1,180,65,1,1,1.000000,1,0,0.000000,0.000000,1,Concentration,6530.257000,6210.000000
MW-112,2271690.839421,10433902.035640,0.270000,7,1,188,43,1,1,1.000000,1,0,0.000000,0.000000,1,Concentration,6450.987500,3960.000000
MW-112,2271690.839421,10433902.035640,0.410000,7,1,188,43,1,1,1.000000,1,0,0.000000,0.000000,1,Concentration,6450.987500,4527.000000
MW-112,2271690.839421,10433902.035640,0.250000,7,1,188,43,1,1,1.000000,1,0,0.000000,0.000000,1,Concentration,6450.987500,4882.000000
MW-112,2271690.839421,10433902.035640,0.310000,7,1,188,43,1,1,1.000000,1,0,0.000000,0.000000,1,Concentration,6450.987500,5259.000000
MW-112,2271690.839421,10433902.035640,0.260000,7,1,188,43,1,1,1.000000,1,0,0.000000,0.000000,1,Concentration,6450.987500,5609.000000
MW-112,2271690.839421,10433902.035640,0.280000,7,1,188,43,1,1,1.000000,1,0,0.000000,0.000000,1,Concentration,6450.987500,5982.000000
MW-112,2271690.839421,10433902.035640,0.250000,7,1,188,43,1,1,1.000000,1,0,0.000000,0.000000,1,Concentration,6450.987500,6210.000000
MW-113,2273219.458068,10433150.586144,45.020000,7,1,204,48,1,1,1.000000,1,0,0.000000,0.000000,1,Concentration,6487.841000,3961.000000
MW-113,2273219.458068,10433150.586144,46.720000,7,1,204,48,1,1,1.000000,1,0,0.000000,0.000000,1,Concentration,6487.841000,4527.000000
MW-113,2273219.458068,10433150.586144,38.790000,7,1,204,48,1,1,1.000000,1,0,0.000000,0.000000,1,Concentration,6487.841000,4882.000000
MW-113,2273219.458068,10433150.586144,40.490000,7,1,204,48,1,1,1.000000,1,0,0.000000,0.000000,1,Concentration,6487.841000,5259.000000
MW-113,2273219.458068,10433150.586144,41.630000,7,1,204,48,1,1,1.000000,1,0,0.000000,0.000000,1,Concentration,6487.841000,5610.000000
MW-113,2273219.458068,10433150.586144,47.860000,7,1,204,48,1,1,1.000000,1,0,0.000000,0.000000,1,Concentration,6487.841000,5982.000000
MW-113,2273219.458068,10433150.586144,37.660000,7,1,204,48,1,1,1.000000,1,0,0.000000,0.000000,1,Concentration,6487.841000,6211.000000
MW-114,2272232.846841,10433025.616381,0.390000,8,1,198,40,1,1,1.000000,1,0,0.000000,0.000000,1,Concentration,6428.642500,3787.000000
MW-114,2272232.846841,10433025.616381,0.200000,8,1,198,40,1,1,1.000000,1,0,0.000000,0.000000,1,Concentration,6428.642500,4527.000000
MW-114,2272232.846841,10433025.616381,0.180000,8,1,198,40,1,1,1.000000,1,0,0.000000,0.000000,1,Concentration,6428.642500,4882.000000
MW-114,2272232.846841,10433025.616381,0.210000,8,1,198,40,1,1,1.000000,1,0,0.000000,0.000000,1,Concentration,6428.642500,5259.000000
MW-114,2272232.846841,10433025.616381,0.210000,8,1,198,40,1,1,1.000000,1,0,0.000000,0.000000,1,Concentration,6428.642500,5609.000000
MW-114,2272232.846841,10433025.616381,0.170000,8,1,198,40,1,1,1.000000,1,0,0.000000,0.000000,1,Concentration,6428.642500,5982.000000
MW-114,2272232.846841,10433025.616381,0.190000,8,1,198,40,1,1,1.000000,1,0,0.000000,0.000000,1,Concentration,6428.642500,6210.000000
MW-115M,2273449.420146,10432033.079130,1.380000,9,1,213,42,1,1,1.000000,1,0,0.000000,0.000000,1,Concentration,6406.116000,3788.000000
MW-115M,2273449.420146,10432033.079130,0.370000,9,1,213,42,1,1,1.000000,1,0,0.000000,0.000000,1,Concentration,6406.116000,4133.000000
MW-115M,2273449.420146,10432033.079130,0.480000,9,1,213,42,1,1,1.000000,1,0,0.000000,0.000000,1,Concentration,6406.116000,4525.000000
MW-115M,2273449.420146,10432033.079130,0.640000,9,1,213,42,1,1,1.000000,1,0,0.000000,0.000000,1,Concentration,6406.116000,4882.000000
MW-115M,2273449.420146,10432033.079130,0.570000,9,1,213,42,1,1,1.000000,1,0,0.000000,0.000000,1,Concentration,6406.116000,5259.000000
MW-115M,2273449.420146,10432033.079130,0.630000,9,1,213,42,1,1,1.000000,1,0,0.000000,0.000000,1,Concentration,6406.116000,5810.000000
MW-115M,2273449.420146,10432033.079130,0.670000,9,1,213,42,1,1,1.000000,1,0,0.000000,0.000000,1,Concentration,6406.116000,5982.000000
MW-115M,2273449.420146,10432033.079130,0.690000,9,1,213,42,1,1,1.000000,1,0,0.000000,0.000000,1,Concentration,6406.116000,6353.000000
MW-115S,2273498.462710,10432027.410130,0.500000,5,1,214,42,1,1,1.000000,1,0,0.000000,0.000000,1,Concentration,6488.790000,3787.000000
MW-115S,2273498.462710,10432027.410130,0.410000,5,1,214,42,1,1,1.000000,1,0,0.000000,0.000000,1,Concentration,6488.790000,4525.000000
MW-115S,2273498.462710,10432027.410130,0.470000,5,1,214,42,1,1,1.000000,1,0,0.000000,0.000000,1,Concentration,6488.790000,4882.000000
MW-115S,2273498.462710,10432027.410130,0.660000,5,1,214,42,1,1,1.000000,1,0,0.000000,0.000000,1,Concentration,6488.790000,5259.000000
MW-115S,2273498.462710,10432027.410130,0.840000,5,1,214,42,1,1,1.000000,1,0,0.000000,0.000000,1,Concentration,6488.790000,5810.000000
MW-115S,2273498.462710,10432027.410130,1.140000,5,1,214,42,1,1,1.000000,1,0,0.000000,0.000000,1,Concentration,6488.790000,5982.000000
MW-115S,2273498.462710,10432027.410130,0.830000,5,1,214,42,1,1,1.000000,1,0,0.000000,0.000000,1,Concentration,6488.790000,6353.000000
MW-117M,2274184.207109,10431743.475939,104.210000,9,1,220,45,1,1,1.000000,1,0,0.000000,0.000000,1,Concentration,6443.553000,3961.000000
MW-117M,2274184.207109,10431743.475939,101.940000,9,1,220,45,1,1,1.000000,1,0,0.000000,0.000000,1,Concentration,6443.553000,4134.000000
MW-117M,2274184.207109,10431743.475939,84.950000,9,1,220,45,1,1,1.000000,1,0,0.000000,0.000000,1,Concentration,6443.553000,4525.000000
MW-117M,2274184.207109,10431743.475939,89.480000,9,1,220,45,1,1,1.000000,1,0,0.000000,0.000000,1,Concentration,6443.553000,4882.000000
MW-117M,2274184.207109,10431743.475939,144.420000,9,1,220,45,1,1,1.000000,1,0,0.000000,0.000000,1,Concentration,6443.553000,5259.000000
MW-117M,2274184.207109,10431743.475939,178.400000,9,1,220,45,1,1,1.000000,1,0,0.000000,0.000000,1,Concentration,6443.553000,5811.000000
MW-117M,2274184.207109,10431743.475939,136.490000,9,1,220,45,1,1,1.000000,1,0,0.000000,0.000000,1,Concentration,6443.553000,5982.000000
MW-117M,2274184.207109,10431743.475939,123.740000,9,1,220,45,1,1,1.000000,1,0,0.000000,0.000000,1,Concentration,6443.553000,6357.000000
MW-117S,2274207.908978,10431764.271309,34.260000,6,1,220,45,1,1,1.000000,1,0,0.000000,0.000000,1,Concentration,6491.675500,3961.000000
MW-117S,2274207.908978,10431764.271309,31.710000,6,1,220,45,1,1,1.000000,1,0,0.000000,0.000000,1,Concentration,6491.675500,4134.000000
MW-117S,2274207.908978,10431764.271309,30.020000,6,1,220,45,1,1,1.000000,1,0,0.000000,0.000000,1,Concentration,6491.675500,4525.000000
MW-117S,2274207.908978,10431764.271309,28.320000,6,1,220,45,1,1,1.000000,1,0,0.000000,0.000000,1,Concentration,6491.675500,4883.000000
MW-117S,2274207.908978,10431764.271309,37.380000,6,1,220,45,1,1,1.000000,1,0,0.000000,0.000000,1,Concentration,6491.675500,5259.000000
MW-117S,2274207.908978,10431764.271309,33.980000,6,1,220,45,1,1,1.000000,1,0,0.000000,0.000000,1,Concentration,6491.675500,5811.000000
MW-117S,2274207.908978,10431764.271309,37.940000,6,1,220,45,1,1,1.000000,1,0,0.000000,0.000000,1,Concentration,6491.675500,5982.000000
MW-117S,2274207.908978,10431764.271309,32.280000,6,1,220,45,1,1,1.000000,1,0,0.000000,0.000000,1,Concentration,6491.675500,6211.000000
MW-119,2271195.721041,10436714.564442,173.300000,11,1,164,59,1,1,1.000000,1,0,0.000000,0.000000,1,Concentration,6525.370000,3787.000000
MW-119,2271195.721041,10436714.564442,192.550000,11,1,164,59,1,1,1.000000,1,0,0.000000,0.000000,1,Concentration,6525.370000,4528.000000
MW-119,2271195.721041,10436714.564442,203.880000,11,1,164,59,1,1,1.000000,1,0,0.000000,0.000000,1,Concentration,6525.370000,4884.000000
MW-119,2271195.721041,10436714.564442,241.260000,11,1,164,59,1,1,1.000000,1,0,0.000000,0.000000,1,Concentration,6525.370000,5259.000000
MW-119,2271195.721041,10436714.564442,231.070000,11,1,164,59,1,1,1.000000,1,0,0.000000,0.000000,1,Concentration,6525.370000,5805.000000
MW-119,2271195.721041,10436714.564442,231.350000,11,1,164,59,1,1,1.000000,1,0,0.000000,0.000000,1,Concentration,6525.370000,5982.000000
MW-119,2271195.721041,10436714.564442,271.280000,11,1,164,59,1,1,1.000000,1,0,0.000000,0.000000,1,Concentration,6525.370000,6210.000000
MW-120,2277741.245724,10429195.340587,0.270000,9,1,257,52,1,1,1.000000,1,0,0.000000,0.000000,1,Concentration,6501.882000,3787.000000
MW-120,2277741.245724,10429195.340587,0.150000,9,1,257,52,1,1,1.000000,1,0,0.000000,0.000000,1,Concentration,6501.882000,4133.000000
MW-120,2277741.245724,10429195.340587,0.220000,9,1,257,52,1,1,1.000000,1,0,0.000000,0.000000,1,Concentration,6501.882000,4527.000000
MW-120,2277741.245724,10429195.340587,0.140000,9,1,257,52,1,1,1.000000,1,0,0.000000,0.000000,1,Concentration,6501.882000,4883.000000
MW-120,2277741.245724,10429195.340587,0.140000,9,1,257,52,1,1,1.000000,1,0,0.000000,0.000000,1,Concentration,6501.882000,5260.000000
MW-120,2277741.245724,10429195.340587,0.210000,9,1,257,52,1,1,1.000000,1,0,0.000000,0.000000,1,Concentration,6501.882000,5806.000000
MW-120,2277741.245724,10429195.340587,0.350000,9,1,257,52,1,1,1.000000,1,0,0.000000,0.000000,1,Concentration,6501.882000,5983.000000
MW-120,2277741.245724,10429195.340587,0.150000,9,1,257,52,1,1,1.000000,1,0,0.000000,0.000000,1,Concentration,6501.882000,6357.000000
MW-123,2273369.750990,10431651.613983,5.100000,12,1,215,39,1,1,1.000000,1,0,0.000000,0.000000,1,Concentration,6329.128500,5262.000000
MW-123,2273369.750990,10431651.613983,5.100000,12,1,215,39,1,1,1.000000,1,0,0.000000,0.000000,1,Concentration,6329.128500,5730.000000
MW-123,2273369.750990,10431651.613983,5.070000,12,1,215,39,1,1,1.000000,1,0,0.000000,0.000000,1,Concentration,6329.128500,5903.000000
MW-123,2273369.750990,10431651.613983,5.580000,12,1,215,39,1,1,1.000000,1,0,0.000000,0.000000,1,Concentration,6329.128500,6212.000000
MW-124,2269328.367034,10437539.187917,4.470000,9,1,145,52,1,1,1.000000,1,0,0.000000,0.000000,1,Concentration,6398.271000,5435.000000
MW-124,2269328.367034,10437539.187917,10.510000,9,1,145,52,1,1,1.000000,1,0,0.000000,0.000000,1,Concentration,6398.271000,5805.000000
MW-124,2269328.367034,10437539.187917,10.510000,9,1,145,52,1,1,1.000000,1,0,0.000000,0.000000,1,Concentration,6398.271000,5902.000000
MW-124,2269328.367034,10437539.187917,13.390000,9,1,145,52,1,1,1.000000,1,0,0.000000,0.000000,1,Concentration,6398.271000,6471.000000
MW-129,2271464.594529,10435944.200452,0.160000,12,1,172,56,1,1,1.000000,1,0,0.000000,0.000000,1,Concentration,6469.566500,5262.000000
MW-129,2271464.594529,10435944.200452,0.090000,12,1,172,56,1,1,1.000000,1,0,0.000000,0.000000,1,Concentration,6469.566500,5532.000000
MW-129,2271464.594529,10435944.200452,0.080000,12,1,172,56,1,1,1.000000,1,0,0.000000,0.000000,1,Concentration,6469.566500,6206.000000
MW-129,2271464.594529,10435944.200452,0.120000,12,1,172,56,1,1,1.000000,1,0,0.000000,0.000000,1,Concentration,6469.566500,6351.000000
MW-13,2276337.015947,10430334.060765,1.130000,11,1,246,50,1,1,1.000000,1,0,0.000000,0.000000,1,Concentration,6475.570500,169.000000
MW-13,2276337.015947,10430334.060765,0.650000,11,1,246,50,1,1,1.000000,1,0,0.000000,0.000000,1,Concentration,6475.570500,394.000000
MW-13,2276337.015947,10430334.060765,0.470000,11,1,246,50,1,1,1.000000,1,0,0.000000,0.000000,1,Concentration,6475.570500,850.000000
MW-13,2276337.015947,10430334.060765,0.610000,11,1,246,50,1,1,1.000000,1,0,0.000000,0.000000,1,Concentration,6475.570500,1388.000000
MW-13,2276337.015947,10430334.060765,1.030000,11,1,246,50,1,1,1.000000,1,0,0.000000,0.000000,1,Concentration,6475.570500,1542.000000
MW-13,2276337.015947,10430334.060765,0.440000,11,1,246,50,1,1,1.000000,1,0,0.000000,0.000000,1,Concentration,6475.570500,2123.000000
MW-13,2276337.015947,10430334.060765,0.480000,11,1,246,50,1,1,1.000000,1,0,0.000000,0.000000,1,Concentration,6475.570500,2522.000000
MW-13,2276337.015947,10430334.060765,0.330000,11,1,246,50,1,1,1.000000,1,0,0.000000,0.000000,1,Concentration,6475.570500,2642.000000
MW-13,2276337.015947,10430334.060765,0.400000,11,1,246,50,1,1,1.000000,1,0,0.000000,0.000000,1,Concentration,6475.570500,3061.000000
MW-13,2276337.015947,10430334.060765,0.340000,11,1,246,50,1,1,1.000000,1,0,0.000000,0.000000,1,Concentration,6475.570500,3443.000000
MW-13,2276337.015947,10430334.060765,0.330000,11,1,246,50,1,1,1.000000,1,0,0.000000,0.000000,1,Concentration,6475.570500,3786.000000
MW-13,2276337.015947,10430334.060765,0.400000,11,1,246,50,1,1,1.000000,1,0,0.000000,0.000000,1,Concentration,6475.570500,4134.000000
MW-13,2276337.015947,10430334.060765,0.300000,11,1,246,50,1,1,1.000000,1,0,0.000000,0.000000,1,Concentration,6475.570500,4527.000000
MW-13,2276337.015947,10430334.060765,0.280000,11,1,246,50,1,1,1.000000,1,0,0.000000,0.000000,1,Concentration,6475.570500,4883.000000
MW-13,2276337.015947,10430334.060765,0.300000,11,1,246,50,1,1,1.000000,1,0,0.000000,0.000000,1,Concentration,6475.570500,5351.000000
MW-13,2276337.015947,10430334.060765,0.270000,11,1,246,50,1,1,1.000000,1,0,0.000000,0.000000,1,Concentration,6475.570500,5609.000000
MW-13,2276337.015947,10430334.060765,0.310000,11,1,246,50,1,1,1.000000,1,0,0.000000,0.000000,1,Concentration,6475.570500,5983.000000
MW-13,2276337.015947,10430334.060765,0.370000,11,1,246,50,1,1,1.000000,1,0,0.000000,0.000000,1,Concentration,6475.570500,6351.000000
MW-130,2268899.166514,10438682.482962,0.110000,2,1,134,57,1,1,1.000000,1,0,0.000000,0.000000,1,Concentration,6487.984500,6472.000000
MW-135,2268772.410292,10438507.375245,0.120000,11,1,134,55,1,1,1.000000,1,0,0.000000,0.000000,1,Concentration,6374.253000,6358.000000
MW-136,2271380.488567,10434832.990422,0.830000,11,1,179,47,1,1,1.000000,1,0,0.000000,0.000000,1,Concentration,6386.473500,6206.000000
MW-136,2271380.488567,10434832.990422,1.110000,11,1,179,47,1,1,1.000000,1,0,0.000000,0.000000,1,Concentration,6386.473500,6472.000000
MW-138D,2268694.238725,10437810.755021,4.420000,11,1,139,49,1,1,1.000000,1,0,0.000000,0.000000,1,Concentration,6337.401500,6358.000000
MW-138S,2268704.627752,10437799.674817,1.820000,4,1,139,49,1,1,1.000000,1,0,0.000000,0.000000,1,Concentration,6419.447500,6092.000000
MW-138S,2268704.627752,10437799.674817,4.470000,4,1,139,49,1,1,1.000000,1,0,0.000000,0.000000,1,Concentration,6419.447500,6472.000000
MW-139,2269079.459517,10438692.004256,0.120000,8,1,135,58,1,1,1.000000,1,0,0.000000,0.000000,1,Concentration,6480.533000,6358.000000
MW-5,2279892.876875,10435512.990147,0.420000,8,1,234,112,1,1,1.000000,1,0,0.000000,0.000000,1,Concentration,6555.363000,121.000000
MW-5,2279892.876875,10435512.990147,0.200000,8,1,234,112,1,1,1.000000,1,0,0.000000,0.000000,1,Concentration,6555.363000,1025.000000
MW-5,2279892.876875,10435512.990147,0.230000,8,1,234,112,1,1,1.000000,1,0,0.000000,0.000000,1,Concentration,6555.363000,1387.000000
MW-5,2279892.876875,10435512.990147,1.300000,8,1,234,112,1,1,1.000000,1,0,0.000000,0.000000,1,Concentration,6555.363000,1542.000000
MW-5,2279892.876875,10435512.990147,0.250000,8,1,234,112,1,1,1.000000,1,0,0.000000,0.000000,1,Concentration,6555.363000,1829.000000
MW-5,2279892.876875,10435512.990147,0.210000,8,1,234,112,1,1,1.000000,1,0,0.000000,0.000000,1,Concentration,6555.363000,2200.000000
MW-5,2279892.876875,10435512.990147,0.210000,8,1,234,112,1,1,1.000000,1,0,0.000000,0.000000,1,Concentration,6555.363000,2915.000000
MW-5,2279892.876875,10435512.990147,0.230000,8,1,234,112,1,1,1.000000,1,0,0.000000,0.000000,1,Concentration,6555.363000,3061.000000
MW-5,2279892.876875,10435512.990147,0.240000,8,1,234,112,1,1,1.000000,1,0,0.000000,0.000000,1,Concentration,6555.363000,3442.000000
MW-5,2279892.876875,10435512.990147,0.370000,8,1,234,112,1,1,1.000000,1,0,0.000000,0.000000,1,Concentration,6555.363000,3784.000000
MW-5,2279892.876875,10435512.990147,0.270000,8,1,234,112,1,1,1.000000,1,0,0.000000,0.000000,1,Concentration,6555.363000,4167.000000
MW-5,2279892.876875,10435512.990147,0.270000,8,1,234,112,1,1,1.000000,1,0,0.000000,0.000000,1,Concentration,6555.363000,4528.000000
MW-5,2279892.876875,10435512.990147,0.230000,8,1,234,112,1,1,1.000000,1,0,0.000000,0.000000,1,Concentration,6555.363000,4883.000000
MW-5,2279892.876875,10435512.990147,0.250000,8,1,234,112,1,1,1.000000,1,0,0.000000,0.000000,1,Concentration,6555.363000,5260.000000
MW-5,2279892.876875,10435512.990147,0.230000,8,1,234,112,1,1,1.000000,1,0,0.000000,0.000000,1,Concentration,6555.363000,5811.000000
MW-5,2279892.876875,10435512.990147,0.210000,8,1,234,112,1,1,1.000000,1,0,0.000000,0.000000,1,Concentration,6555.363000,5986.000000
MW-5,2279892.876875,10435512.990147,0.220000,8,1,234,112,1,1,1.000000,1,0,0.000000,0.000000,1,Concentration,6555.363000,6212.000000
OW-UT-9,2276924.222722,10433474.251050,2474.890000,10,1,228,77,1,1,1.000000,1,0,0.000000,0.000000,1,Concentration,6573.477500,170.000000
OW-UT-9,2276924.222722,10433474.251050,2467.810000,10,1,228,77,1,1,1.000000,1,0,0.000000,0.000000,1,Concentration,6573.477500,566.000000
OW-UT-9,2276924.222722,10433474.251050,2551.350000,10,1,228,77,1,1,1.000000,1,0,0.000000,0.000000,1,Concentration,6573.477500,753.000000
OW-UT-9,2276924.222722,10433474.251050,1704.670000,10,1,228,77,1,1,1.000000,1,0,0.000000,0.000000,1,Concentration,6573.477500,1388.000000
OW-UT-9,2276924.222722,10433474.251050,2273.840000,10,1,228,77,1,1,1.000000,1,0,0.000000,0.000000,1,Concentration,6573.477500,1607.000000
OW-UT-9,2276924.222722,10433474.251050,2616.470000,10,1,228,77,1,1,1.000000,1,0,0.000000,0.000000,1,Concentration,6573.477500,1833.000000
OW-UT-9,2276924.222722,10433474.251050,2418.260000,10,1,228,77,1,1,1.000000,1,0,0.000000,0.000000,1,Concentration,6573.477500,2265.000000
OW-UT-9,2276924.222722,10433474.251050,2548.510000,10,1,228,77,1,1,1.000000,1,0,0.000000,0.000000,1,Concentration,6573.477500,2913.000000
OW-UT-9,2276924.222722,10433474.251050,2098.280000,10,1,228,77,1,1,1.000000,1,0,0.000000,0.000000,1,Concentration,6573.477500,3062.000000
OW-UT-9,2276924.222722,10433474.251050,2607.980000,10,1,228,77,1,1,1.000000,1,0,0.000000,0.000000,1,Concentration,6573.477500,3443.000000
OW-UT-9,2276924.222722,10433474.251050,2797.700000,10,1,228,77,1,1,1.000000,1,0,0.000000,0.000000,1,Concentration,6573.477500,3849.000000
OW-UT-9,2276924.222722,10433474.251050,2636.300000,10,1,228,77,1,1,1.000000,1,0,0.000000,0.000000,1,Concentration,6573.477500,4364.000000
OW-UT-9,2276924.222722,10433474.251050,2531.520000,10,1,228,77,1,1,1.000000,1,0,0.000000,0.000000,1,Concentration,6573.477500,4527.000000
OW-UT-9,2276924.222722,10433474.251050,2324.810000,10,1,228,77,1,1,1.000000,1,0,0.000000,0.000000,1,Concentration,6573.477500,4882.000000
OW-UT-9,2276924.222722,10433474.251050,2395.600000,10,1,228,77,1,1,1.000000,1,0,0.000000,0.000000,1,Concentration,6573.477500,5262.000000
OW-UT-9,2276924.222722,10433474.251050,2406.930000,10,1,228,77,1,1,1.000000,1,0,0.000000,0.000000,1,Concentration,6573.477500,5533.000000
OW-UT-9,2276924.222722,10433474.251050,2489.050000,10,1,228,77,1,1,1.000000,1,0,0.000000,0.000000,1,Concentration,6573.477500,5902.000000
OW-UT-9,2276924.222722,10433474.251050,2474.890000,10,1,228,77,1,1,1.000000,1,0,0.000000,0.000000,1,Concentration,6573.477500,6275.000000
RL-1,2273426.574733,10436180.031228,1146.830000,11,1,184,71,1,1,1.000000,1,0,0.000000,0.000000,1,Concentration,6544.562500,298.000000
RL-1,2273426.574733,10436180.031228,920.300000,11,1,184,71,1,1,1.000000,1,0,0.000000,0.000000,1,Concentration,6544.562500,641.000000
RL-1,2273426.574733,10436180.031228,1254.720000,11,1,184,71,1,1,1.000000,1,0,0.000000,0.000000,1,Concentration,6544.562500,1027.000000
RL-1,2273426.574733,10436180.031228,858.000000,11,1,184,71,1,1,1.000000,1,0,0.000000,0.000000,1,Concentration,6544.562500,1387.000000
RL-1,2273426.574733,10436180.031228,1107.190000,11,1,184,71,1,1,1.000000,1,0,0.000000,0.000000,1,Concentration,6544.562500,1471.000000
RL-1,2273426.574733,10436180.031228,1333.720000,11,1,184,71,1,1,1.000000,1,0,0.000000,0.000000,1,Concentration,6544.562500,1964.000000
RL-1,2273426.574733,10436180.031228,1262.930000,11,1,184,71,1,1,1.000000,1,0,0.000000,0.000000,1,Concentration,6544.562500,2202.000000
RL-1,2273426.574733,10436180.031228,1311.070000,11,1,184,71,1,1,1.000000,1,0,0.000000,0.000000,1,Concentration,6544.562500,2830.000000
RL-1,2273426.574733,10436180.031228,1401.680000,11,1,184,71,1,1,1.000000,1,0,0.000000,0.000000,1,Concentration,6544.562500,3208.000000
RL-1,2273426.574733,10436180.031228,1410.180000,11,1,184,71,1,1,1.000000,1,0,0.000000,0.000000,1,Concentration,6544.562500,3529.000000
RL-1,2273426.574733,10436180.031228,1432.830000,11,1,184,71,1,1,1.000000,1,0,0.000000,0.000000,1,Concentration,6544.562500,3962.000000
RL-1,2273426.574733,10436180.031228,1359.210000,11,1,184,71,1,1,1.000000,1,0,0.000000,0.000000,1,Concentration,6544.562500,4258.000000
RL-1,2273426.574733,10436180.031228,1254.440000,11,1,184,71,1,1,1.000000,1,0,0.000000,0.000000,1,Concentration,6544.562500,4441.000000
RL-1,2273426.574733,10436180.031228,1285.580000,11,1,184,71,1,1,1.000000,1,0,0.000000,0.000000,1,Concentration,6544.562500,5077.000000
RL-1,2273426.574733,10436180.031228,1316.730000,11,1,184,71,1,1,1.000000,1,0,0.000000,0.000000,1,Concentration,6544.562500,5261.000000
RL-1,2273426.574733,10436180.031228,1345.050000,11,1,184,71,1,1,1.000000,1,0,0.000000,0.000000,1,Concentration,6544.562500,5609.000000
RL-1,2273426.574733,10436180.031228,1288.420000,11,1,184,71,1,1,1.000000,1,0,0.000000,0.000000,1,Concentration,6544.562500,6092.000000
RL-1,2273426.574733,10436180.031228,1330.890000,11,1,184,71,1,1,1.000000,1,0,0.000000,0.000000,1,Concentration,6544.562500,6210.000000
RL-3,2272829.669164,10436743.166238,781.540000,11,1,176,71,1,1,1.000000,1,0,0.000000,0.000000,1,Concentration,6534.548000,298.000000
RL-3,2272829.669164,10436743.166238,995.620000,11,1,176,71,1,1,1.000000,1,0,0.000000,0.000000,1,Concentration,6534.548000,396.000000
RL-3,2272829.669164,10436743.166238,836.480000,11,1,176,71,1,1,1.000000,1,0,0.000000,0.000000,1,Concentration,6534.548000,893.000000
RL-3,2272829.669164,10436743.166238,696.590000,11,1,176,71,1,1,1.000000,1,0,0.000000,0.000000,1,Concentration,6534.548000,1292.000000
RL-3,2272829.669164,10436743.166238,733.410000,11,1,176,71,1,1,1.000000,1,0,0.000000,0.000000,1,Concentration,6534.548000,1752.000000
RL-3,2272829.669164,10436743.166238,764.550000,11,1,176,71,1,1,1.000000,1,0,0.000000,0.000000,1,Concentration,6534.548000,1963.000000
RL-3,2272829.669164,10436743.166238,637.130000,11,1,176,71,1,1,1.000000,1,0,0.000000,0.000000,1,Concentration,6534.548000,2263.000000
RL-3,2272829.669164,10436743.166238,770.220000,11,1,176,71,1,1,1.000000,1,0,0.000000,0.000000,1,Concentration,6534.548000,2916.000000
RL-3,2272829.669164,10436743.166238,724.910000,11,1,176,71,1,1,1.000000,1,0,0.000000,0.000000,1,Concentration,6534.548000,3061.000000
RL-3,2272829.669164,10436743.166238,985.430000,11,1,176,71,1,1,1.000000,1,0,0.000000,0.000000,1,Concentration,6534.548000,3445.000000
RL-3,2272829.669164,10436743.166238,1002.420000,11,1,176,71,1,1,1.000000,1,0,0.000000,0.000000,1,Concentration,6534.548000,3959.000000
RL-3,2272829.669164,10436743.166238,925.960000,11,1,176,71,1,1,1.000000,1,0,0.000000,0.000000,1,Concentration,6534.548000,4168.000000
RL-3,2272829.669164,10436743.166238,716.420000,11,1,176,71,1,1,1.000000,1,0,0.000000,0.000000,1,Concentration,6534.548000,4524.000000
RL-3,2272829.669164,10436743.166238,821.190000,11,1,176,71,1,1,1.000000,1,0,0.000000,0.000000,1,Concentration,6534.548000,4883.000000
RL-3,2272829.669164,10436743.166238,886.320000,11,1,176,71,1,1,1.000000,1,0,0.000000,0.000000,1,Concentration,6534.548000,5261.000000
RL-3,2272829.669164,10436743.166238,1158.160000,11,1,176,71,1,1,1.000000,1,0,0.000000,0.000000,1,Concentration,6534.548000,5609.000000
RL-3,2272829.669164,10436743.166238,1081.700000,11,1,176,71,1,1,1.000000,1,0,0.000000,0.000000,1,Concentration,6534.548000,6092.000000
RL-3,2272829.669164,10436743.166238,1076.040000,11,1,176,71,1,1,1.000000,1,0,0.000000,0.000000,1,Concentration,6534.548000,6275.000000
RL-4,2271869.105406,10437573.850393,0.140000,11,1,163,70,1,1,1.000000,1,0,0.000000,0.000000,1,Concentration,6527.743000,170.000000
RL-4,2271869.105406,10437573.850393,0.110000,11,1,163,70,1,1,1.000000,1,0,0.000000,0.000000,1,Concentration,6527.743000,640.000000
RL-4,2271869.105406,10437573.850393,0.110000,11,1,163,70,1,1,1.000000,1,0,0.000000,0.000000,1,Concentration,6527.743000,1025.000000
RL-4,2271869.105406,10437573.850393,0.310000,11,1,163,70,1,1,1.000000,1,0,0.000000,0.000000,1,Concentration,6527.743000,1387.000000
RL-4,2271869.105406,10437573.850393,1.900000,11,1,163,70,1,1,1.000000,1,0,0.000000,0.000000,1,Concentration,6527.743000,1541.000000
RL-4,2271869.105406,10437573.850393,0.130000,11,1,163,70,1,1,1.000000,1,0,0.000000,0.000000,1,Concentration,6527.743000,1829.000000
RL-4,2271869.105406,10437573.850393,0.340000,11,1,163,70,1,1,1.000000,1,0,0.000000,0.000000,1,Concentration,6527.743000,2264.000000
RL-4,2271869.105406,10437573.850393,0.100000,11,1,163,70,1,1,1.000000,1,0,0.000000,0.000000,1,Concentration,6527.743000,2641.000000
RL-4,2271869.105406,10437573.850393,0.170000,11,1,163,70,1,1,1.000000,1,0,0.000000,0.000000,1,Concentration,6527.743000,3061.000000
RL-4,2271869.105406,10437573.850393,0.090000,11,1,163,70,1,1,1.000000,1,0,0.000000,0.000000,1,Concentration,6527.743000,3595.000000
RL-4,2271869.105406,10437573.850393,0.180000,11,1,163,70,1,1,1.000000,1,0,0.000000,0.000000,1,Concentration,6527.743000,3784.000000
RL-4,2271869.105406,10437573.850393,0.180000,11,1,163,70,1,1,1.000000,1,0,0.000000,0.000000,1,Concentration,6527.743000,4168.000000
RL-4,2271869.105406,10437573.850393,1.460000,11,1,163,70,1,1,1.000000,1,0,0.000000,0.000000,1,Concentration,6527.743000,4526.000000
RL-4,2271869.105406,10437573.850393,0.080000,11,1,163,70,1,1,1.000000,1,0,0.000000,0.000000,1,Concentration,6527.743000,4881.000000
RL-4,2271869.105406,10437573.850393,0.090000,11,1,163,70,1,1,1.000000,1,0,0.000000,0.000000,1,Concentration,6527.743000,5261.000000
RL-4,2271869.105406,10437573.850393,0.090000,11,1,163,70,1,1,1.000000,1,0,0.000000,0.000000,1,Concentration,6527.743000,5811.000000
RL-4,2271869.105406,10437573.850393,0.110000,11,1,163,70,1,1,1.000000,1,0,0.000000,0.000000,1,Concentration,6527.743000,5981.000000
RL-4,2271869.105406,10437573.850393,0.090000,11,1,163,70,1,1,1.000000,1,0,0.000000,0.000000,1,Concentration,6527.743000,6352.000000
RL-5,2272899.085541,10437697.870024,0.140000,12,1,169,78,1,1,1.000000,1,0,0.000000,0.000000,1,Concentration,6524.849000,121.000000
RL-5,2272899.085541,10437697.870024,0.110000,12,1,169,78,1,1,1.000000,1,0,0.000000,0.000000,1,Concentration,6524.849000,640.000000
RL-5,2272899.085541,10437697.870024,0.170000,12,1,169,78,1,1,1.000000,1,0,0.000000,0.000000,1,Concentration,6524.849000,1025.000000
RL-5,2272899.085541,10437697.870024,1.020000,12,1,169,78,1,1,1.000000,1,0,0.000000,0.000000,1,Concentration,6524.849000,1291.000000
RL-5,2272899.085541,10437697.870024,5.210000,12,1,169,78,1,1,1.000000,1,0,0.000000,0.000000,1,Concentration,6524.849000,1541.000000
RL-5,2272899.085541,10437697.870024,0.100000,12,1,169,78,1,1,1.000000,1,0,0.000000,0.000000,1,Concentration,6524.849000,1829.000000
RL-5,2272899.085541,10437697.870024,0.120000,12,1,169,78,1,1,1.000000,1,0,0.000000,0.000000,1,Concentration,6524.849000,2263.000000
RL-5,2272899.085541,10437697.870024,0.110000,12,1,169,78,1,1,1.000000,1,0,0.000000,0.000000,1,Concentration,6524.849000,2914.000000
RL-5,2272899.085541,10437697.870024,0.060000,12,1,169,78,1,1,1.000000,1,0,0.000000,0.000000,1,Concentration,6524.849000,3063.000000
RL-5,2272899.085541,10437697.870024,0.060000,12,1,169,78,1,1,1.000000,1,0,0.000000,0.000000,1,Concentration,6524.849000,3595.000000
RL-5,2272899.085541,10437697.870024,0.060000,12,1,169,78,1,1,1.000000,1,0,0.000000,0.000000,1,Concentration,6524.849000,3959.000000
RL-5,2272899.085541,10437697.870024,0.100000,12,1,169,78,1,1,1.000000,1,0,0.000000,0.000000,1,Concentration,6524.849000,4168.000000
RL-5,2272899.085541,10437697.870024,0.370000,12,1,169,78,1,1,1.000000,1,0,0.000000,0.000000,1,Concentration,6524.849000,4526.000000
RL-5,2272899.085541,10437697.870024,0.070000,12,1,169,78,1,1,1.000000,1,0,0.000000,0.000000,1,Concentration,6524.849000,4882.000000
RL-5,2272899.085541,10437697.870024,0.060000,12,1,169,78,1,1,1.000000,1,0,0.000000,0.000000,1,Concentration,6524.849000,5261.000000
RL-5,2272899.085541,10437697.870024,0.060000,12,1,169,78,1,1,1.000000,1,0,0.000000,0.000000,1,Concentration,6524.849000,5811.000000
RL-5,2272899.085541,10437697.870024,0.080000,12,1,169,78,1,1,1.000000,1,0,0.000000,0.000000,1,Concentration,6524.849000,5981.000000
RL-5,2272899.085541,10437697.870024,0.050000,12,1,169,78,1,1,1.000000,1,0,0.000000,0.000000,1,Concentration,6524.849000,6351.000000
UW-1,2276830.847886,10429801.076705,0.740000,8,1,253,50,1,1,1.000000,1,0,0.000000,0.000000,1,Concentration,6526.844000,3443.000000
UW-1,2276830.847886,10429801.076705,0.730000,8,1,253,50,1,1,1.000000,1,0,0.000000,0.000000,1,Concentration,6526.844000,3958.000000
UW-1,2276830.847886,10429801.076705,0.650000,8,1,253,50,1,1,1.000000,1,0,0.000000,0.000000,1,Concentration,6526.844000,4527.000000
UW-1,2276830.847886,10429801.076705,0.600000,8,1,253,50,1,1,1.000000,1,0,0.000000,0.000000,1,Concentration,6526.844000,4883.000000
UW-1,2276830.847886,10429801.076705,0.620000,8,1,253,50,1,1,1.000000,1,0,0.000000,0.000000,1,Concentration,6526.844000,5259.000000
UW-1,2276830.847886,10429801.076705,0.720000,8,1,253,50,1,1,1.000000,1,0,0.000000,0.000000,1,Concentration,6526.844000,5609.000000
UW-1,2276830.847886,10429801.076705,0.620000,8,1,253,50,1,1,1.000000,1,0,0.000000,0.000000,1,Concentration,6526.844000,5986.000000
UW-1,2276830.847886,10429801.076705,0.730000,8,1,253,50,1,1,1.000000,1,0,0.000000,0.000000,1,Concentration,6526.844000,6357.000000
EF-13,2276692.261783,10434697.098939,821.190000,12,1,217,84,1,1,1.000000,1,0,0.000000,0.000000,1,Concentration,6554.596000,295.000000
EF-19,2273915.060991,10436574.040973,15.910000,12,1,184,77,1,1,1.000000,1,0,0.000000,0.000000,1,Concentration,6527.383500,121.000000
EF-2,2273869.601856,10431619.211342,11.160000,12,1,219,42,1,1,1.000000,1,0,0.000000,0.000000,1,Concentration,6365.036500,299.000000
EF-23,2276049.840906,10435911.973837,1.020000,12,1,204,88,1,1,1.000000,1,0,0.000000,0.000000,1,Concentration,6521.881000,170.000000
EF-24,2276561.626060,10435169.680274,214.920000,12,1,213,86,1,1,1.000000,1,0,0.000000,0.000000,1,Concentration,6541.738500,295.000000
EF-25,2274743.926342,10435815.210631,2548.510000,12,1,196,78,1,1,1.000000,1,0,0.000000,0.000000,1,Concentration,6556.217000,302.000000
EF-26,2274048.491920,10436100.425945,317.150000,12,1,189,75,1,1,1.000000,1,0,0.000000,0.000000,1,Concentration,6545.753500,171.000000
EF-4,2274470.524225,10431440.412097,0.740000,12,1,225,45,1,1,1.000000,1,0,0.000000,0.000000,1,Concentration,6447.767000,169.000000
EF-5,2274119.314714,10432636.681682,178.400000,12,1,214,51,1,1,1.000000,1,0,0.000000,0.000000,1,Concentration,6449.919000,172.000000
GW-20A,2276957.183291,10433789.031615,2675.940000,12,1,226,79,1,1,1.000000,1,0,0.000000,0.000000,1,Concentration,6557.091000,295.000000
H-56,2275435.321485,10434308.521084,1766.970000,12,1,211,72,1,1,1.000000,1,0,0.000000,0.000000,1,Concentration,6581.677500,302.000000
MW-11A,2274426.631305,10431936.138956,600.320000,12,1,221,48,1,1,1.000000,1,0,0.000000,0.000000,1,Concentration,6402.813500,295.000000
MW-4,2277596.902846,10431375.977384,750.400000,12,1,247,67,1,1,1.000000,1,0,0.000000,0.000000,1,Concentration,6558.298000,122.000000
MW-6A,2273989.961200,10432455.777398,0.480000,12,1,214,49,1,1,1.000000,1,0,0.000000,0.000000,1,Concentration,6464.386000,170.000000
MW-8A,2276033.012996,10435221.242882,2106.770000,12,1,209,83,1,1,1.000000,1,0,0.000000,0.000000,1,Concentration,6544.067000,94.000000
MW-8A,2276033.012996,10435221.242882,1196.100000,12,1,209,83,1,1,1.000000,1,0,0.000000,0.000000,1,Concentration,6544.067000,487.000000
MW-9,2277033.770472,10435224.060540,0.250000,12,1,216,90,1,1,1.000000,1,0,0.000000,0.000000,1,Concentration,6538.383500,170.000000
RW-1,2276464.512424,10434170.258486,4672.270000,12,1,219,78,1,1,1.000000,1,0,0.000000,0.000000,1,Concentration,6573.699000,123.000000
RW-2,2277441.765666,10434039.150926,1050.550000,12,1,227,84,1,1,1.000000,1,0,0.000000,0.000000,1,Concentration,6557.621500,172.000000
